-- 公式ドキュメント
-- https://supabase.com/docs/guides/local-development/seeding-your-database

-- このスクリプトは、静的なINSERT文を使ってデータベースに初期ダミーデータを投入するためのものです。
-- このスクリプトはER図に登場する全テーブルをカバーし、すべての要求されたテーブルに対して拡張されたダミーデータを含みます。

-- Master Data
------------------------------------------------------------

-- Languages
INSERT INTO public.languages (id, name, native_name) VALUES
('ja', 'Japanese', '日本語'), ('en', 'English', 'English'), ('zh', 'Chinese', '中文'), ('es', 'Spanish', 'Español');

-- Categories
INSERT INTO public.categories (id, name, description) VALUES
('c0000001-0000-0000-0000-000000000001', 'アニメ', '日本のアニメーション作品'),
('c0000001-0000-0000-0000-000000000002', 'マンガ', '日本の漫画作品'),
('c0000001-0000-0000-0000-000000000003', 'ゲーム', 'ビデオゲームやPCゲーム'),
('c0000001-0000-0000-0000-000000000006', '仕事', 'キャリアや働き方に関する価値観'),
('c0000001-0000-0000-0000-000000000007', '人間関係', '友人、家族、恋愛などに関する価値観');

-- Genres
INSERT INTO public.genres (id, category_id, name) VALUES
('c0000002-0000-0000-0000-000000000001', 'c0000001-0000-0000-0000-000000000001', 'SF'),
('c0000002-0000-0000-0000-000000000002', 'c0000001-0000-0000-0000-000000000001', 'ファンタジー'),
('c0000002-0000-0000-0000-000000000003', 'c0000001-0000-0000-0000-000000000001', 'ロボット'),
('c0000002-0000-0000-0000-000000000004', 'c0000001-0000-0000-0000-000000000002', '少年マンガ'),
('c0000002-0000-0000-0000-000000000005', 'c0000001-0000-0000-0000-000000000002', '少女マンガ'),
('c0000002-0000-0000-0000-000000000006', 'c0000001-0000-0000-0000-000000000003', 'RPG'),
('c0000002-0000-0000-0000-000000000007', 'c0000001-0000-0000-0000-000000000003', 'アクション'),
('c0000002-0000-0000-0000-000000000008', 'c0000001-0000-0000-0000-000000000001', '日常'),
('c0000002-0000-0000-0000-000000000009', 'c0000001-0000-0000-0000-000000000002', 'ギャグ'),
('c0000002-0000-0000-0000-000000000010', 'c0000001-0000-0000-0000-000000000003', 'シミュレーション');

-- Skills (Expanded)
INSERT INTO public.skills (id, name, description, creator_type) VALUES
('c0000003-0000-0000-0000-000000000001', 'プログラミング', 'ソフトウェア開発スキル', 'Official'),
('c0000003-0000-0000-0000-000000000002', 'イラスト制作', 'キャラクターや背景の描画スキル', 'Official'),
('c0000003-0000-0000-0000-000000000003', '動画編集', '映像作品の編集スキル', 'Official'),
('c0000003-0000-0000-0000-000000000004', 'プロジェクト管理', 'プロジェクトの計画・実行・管理スキル', 'Official'),
('c0000003-0000-0000-0000-000000000005', 'シナリオライティング', '物語や脚本を作成するスキル', 'Official'),
('c0000003-0000-0000-0000-000000000006', 'マーケティング', '市場調査や販促活動のスキル', 'Official'),
('c0000003-0000-0000-0000-000000000007', 'UI/UXデザイン', 'ユーザーインターフェースや体験をデザインするスキル', 'Official'),
('c0000003-0000-0000-0000-000000000008', 'TypeScript', 'JavaScriptに静的型付けを追加した言語', 'Official');

-- Tags (Expanded)
INSERT INTO public.tags (id, name, tag_type, creator_type) VALUES
('c0000013-0000-0000-0000-000000000001', '感動', 'Work', 'Official'),
('c0000013-0000-0000-0000-000000000002', '考えさせられる', 'Work', 'Official'),
('c0000013-0000-0000-0000-000000000003', '笑える', 'Work', 'Official'),
('c0000013-0000-0000-0000-000000000004', '泣ける', 'Work', 'Official'),
('c0000013-0000-0000-0000-000000000005', '熱い', 'Work', 'Official'),
('c0000013-0000-0000-0000-000000000006', 'キャリア', 'ValueTheme', 'Official'),
('c0000013-0000-0000-0000-000000000007', 'ライフワークバランス', 'ValueTheme', 'Official'),
('c0000013-0000-0000-0000-000000000008', '恋愛観', 'ValueTheme', 'Official'),
('c0000013-0000-0000-0000-000000000009', '金銭感覚', 'ValueTheme', 'Official');

-- ValueThemes
INSERT INTO public.value_themes (id, title, category_id, creator_type) VALUES
('c0000005-0000-0000-0000-000000000001', '仕事において最も重視することは？', 'c0000001-0000-0000-0000-000000000006', 'Official'),
('c0000005-0000-0000-0000-000000000002', '友人関係で大切にしたいことは？', 'c0000001-0000-0000-0000-000000000007', 'Official');

-- ValueChoices
INSERT INTO public.value_choices (id, value_theme_id, choice_text, display_order) VALUES
('c0000006-0000-0000-0000-000000000002', 'c0000005-0000-0000-0000-000000000001', '仕事のやりがいや楽しさ', 2),
('c0000006-0000-0000-0000-000000000005', 'c0000005-0000-0000-0000-000000000002', '困ったときに助け合える信頼関係', 1);

