-- User & Group Data

-- Root Accounts
INSERT INTO public.root_accounts (id, email, is_verified, mother_tongue_code, site_language_code, birth_generation, living_area_segment, total_points) VALUES
('c0000007-0000-0000-0000-000000000001', 'user1@example.com', true, 'ja', 'ja', '1990s', 'urban', 1000),
('c0000007-0000-0000-0000-000000000002', 'user2@example.com', true, 'en', 'en', '2000s', 'suburban', 1000),
('c0000007-0000-0000-0000-000000000003', 'user3-penalty@example.com', true, 'ja', 'ja', '1980s', 'rural', 500),
('c0000007-0000-0000-0000-000000000004', 'user4@example.com', true, 'ja', 'ja', '1990s', 'urban', 1200),
('c0000007-0000-0000-0000-000000000005', 'user5@example.com', true, 'en', 'en', '2000s', 'suburban', 1500);


-- User Profiles (Expanded)
INSERT INTO public.user_profiles (id, root_account_id, profile_name, profile_type, purpose, is_anonymous) VALUES
('c0000008-0000-0000-0000-000000000001', 'c0000007-0000-0000-0000-000000000001', '匿名_仕事', 'self', '仕事', true),
('c0000008-0000-0000-0000-000000000002', 'c0000007-0000-0000-0000-000000000001', '匿名_趣味', 'self', '趣味', true),
('c0000008-0000-0000-0000-000000000003', 'c0000007-0000-0000-0000-000000000002', '匿名_開発', 'self', '仕事', true),
('c0000008-0000-0000-0000-000000000004', 'c0000007-0000-0000-0000-000000000002', '匿名_ゲーム', 'self', '趣味', true),
('c0000008-0000-0000-0000-000000000005', 'c0000007-0000-0000-0000-000000000003', '匿名_その他', 'self', 'その他', true),
('c0000008-0000-0000-0000-000000000006', 'c0000007-0000-0000-0000-000000000004', '匿名_アニメ', 'self', '趣味', true),
('c0000008-0000-0000-0000-000000000007', 'c0000007-0000-0000-0000-000000000005', '匿名_マンガ', 'self', '趣味', true),
('c0000008-0000-0000-0000-000000000008', 'c0000007-0000-0000-0000-000000000005', '匿名_新規', 'self', '趣味', true);

-- Groups (Expanded)
INSERT INTO public.groups (id, name, description, leader_user_profile_id, is_public, status, visibility) VALUES
('c0000009-0000-0000-0000-000000000001', 'ガンダム好きの集い', 'ガンダムシリーズについて語り合うグループです。', 'c0000008-0000-0000-0000-000000000002', true, 'active', 'public'),
('c0000009-0000-0000-0000-000000000002', '日常系アニメ愛好会', 'けいおん！や日常などのアニメが好きな人の集まり', 'c0000008-0000-0000-0000-000000000007', true, 'active', 'public'),
('c0000009-0000-0000-0000-000000000003', 'ギャグマンガを読む会', '笑えるマンガについて情報交換するグループ', 'c0000008-0000-0000-0000-000000000005', true, 'active', 'public'),
('c0000009-0000-0000-0000-000000000004', 'レトロゲーム部', '昔懐かしいゲームを語り合う部活', 'c0000008-0000-0000-0000-000000000005', false, 'active', 'private'),
('c0000009-0000-0000-0000-000000000005', '技術者たちの集い', 'プログラマーやエンジニアの情報交換の場', 'c0000008-0000-0000-0000-000000000004', true, 'active', 'public');

-- Group_Members (Expanded)
INSERT INTO public.group_members (group_id, user_profile_id, role, status) VALUES
('c0000009-0000-0000-0000-000000000001', 'c0000008-0000-0000-0000-000000000002', 'leader', 'active'),
('c0000009-0000-0000-0000-000000000001', 'c0000008-0000-0000-0000-000000000004', 'member', 'active'),
('c0000009-0000-0000-0000-000000000002', 'c0000008-0000-0000-0000-000000000007', 'leader', 'active'),
('c0000009-0000-0000-0000-000000000002', 'c0000008-0000-0000-0000-000000000002', 'member', 'active'),
('c0000009-0000-0000-0000-000000000003', 'c0000008-0000-0000-0000-000000000008', 'leader', 'active'),
('c0000009-0000-0000-0000-000000000003', 'c0000008-0000-0000-0000-000000000002', 'member', 'active'),
('c0000009-0000-0000-0000-000000000004', 'c0000008-0000-0000-0000-000000000005', 'leader', 'active'),
('c0000009-0000-0000-0000-000000000004', 'c0000008-0000-0000-0000-000000000007', 'member', 'active'),
('c0000009-0000-0000-0000-000000000005', 'c0000008-0000-0000-0000-000000000004', 'leader', 'active'),
('c0000009-0000-0000-0000-000000000005', 'c0000008-0000-0000-0000-000000000001', 'member', 'active');

-- Alliances (Expanded)
INSERT INTO public.alliances (id, name, description, alliance_leader_group_id, status, visibility) VALUES
('c0000010-0000-0000-0000-000000000001', '80-90sロボットアニメ同盟', '80年代と90年代のロボットアニメを愛するグループの同盟', 'c0000009-0000-0000-0000-000000000001', 'active', 'public'),
('c0000010-0000-0000-0000-000000000002', 'サブカルチャー連合', 'アニメ、マンガ、ゲームなどサブカル全般を扱うグループの連合体', 'c0000009-0000-0000-0000-000000000002', 'active', 'public');

-- Alliance_Groups (Expanded)
INSERT INTO public.alliance_groups (alliance_id, group_id) VALUES
('c0000010-0000-0000-0000-000000000001', 'c0000009-0000-0000-0000-000000000001'),
('c0000010-0000-0000-0000-000000000002', 'c0000009-0000-0000-0000-000000000001'),
('c0000010-0000-0000-0000-000000000002', 'c0000009-0000-0000-0000-000000000002'),
('c0000010-0000-0000-0000-000000000002', 'c0000009-0000-0000-0000-000000000003'),
('c0000010-0000-0000-0000-000000000002', 'c0000009-0000-0000-0000-000000000004');
